{"step": 0, "train_accuracy": 0.9737142857142858, "test_accuracy": 0.9646666666666667}